{
    "lorem": {
        "lorem10": "Lorem, ipsum dolor sit amet consectetur adipisicing elit. Amet, placeat?",
        "lorem20": "Lorem, ipsum dolor sit amet consectetur adipisicing elit. Fuga sed numquam eligendi doloribus rem, itaque consequatur quo delectus aperiam repellat.",
        "lorem30": "Lorem ipsum, dolor sit amet consectetur adipisicing elit. Debitis quo hic vero nam perspiciatis quod natus necessitatibus! Ullam similique minima illum, natus tenetur sunt neque dolor quidem blanditiis iste fuga.",
        "lorem40": "Lorem ipsum dolor sit amet consectetur, adipisicing elit. Molestiae dolorem optio minus maiores earum quibusdam fugit ullam aspernatur maxime ipsam, veniam voluptas rerum. Quidem sint eos odio doloremque consequatur alias aliquam, itaque explicabo? Quod iusto facere quasi exercitationem quidem perferendis.",
        "lorem50": "Lorem, ipsum dolor sit amet consectetur adipisicing elit. Ratione, nobis? Amet autem maiores modi enim eos magni aliquid ab recusandae inventore nemo cupiditate cum, vitae porro accusantium perferendis sunt dolorum officiis delectus voluptatem alias repellat quaerat reprehenderit! Dicta, nostrum repellat. Porro beatae pariatur numquam quaerat voluptas vel quo eius excepturi!",
        "lorem100": "Lorem ipsum dolor sit amet, consectetur adipisicing elit. Saepe consectetur, nobis, reprehenderit dolor possimus delectus repellat totam amet repellendus perferendis ut voluptatem quos beatae nesciunt assumenda optio reiciendis asperiores voluptatum sunt earum dignissimos! Aspernatur, expedita itaque? Voluptatibus a sint minus ipsum aperiam, eligendi officia aliquam eaque vel, eum amet pariatur? Magnam voluptatem recusandae, assumenda saepe corrupti nobis explicabo voluptatibus enim quia dicta quod eum nisi molestias repellendus fugit. Molestiae tempore dolorem, ea dolore rem provident, numquam facere excepturi nam delectus quis nostrum hic autem nihil voluptatem natus. Debitis iure a, unde voluptate ea asperiores similique voluptatem enim obcaecati pariatur sapiente."
    }
}